{
  "best_model": "RandomForest",
  "best_params": {
    "n_estimators": 400,
    "max_features": "sqrt",
    "oob_score": true
  },
  "test_metrics": {
    "accuracy": 0.9233333333333333,
    "f1": 0.8746594005449592,
    "roc_auc": 0.9664706433142044
  },
  "saved_at": "2026-01-18T18:30:18.468259",
  "random_state": 42,
  "train_size": 7200,
  "test_size": 2400
}