{
  "DummyClassifier": {
    "accuracy": 0.5754166666666667,
    "f1": 0.34045307443365697,
    "roc_auc": 0.5136705855466965
  },
  "LogisticRegression": {
    "accuracy": 0.82625,
    "f1": 0.7048832271762208,
    "roc_auc": 0.8737978327662382
  },
  "DecisionTree": {
    "accuracy": 0.86875,
    "f1": 0.7887323943661971,
    "roc_auc": 0.8959196936417654
  },
  "RandomForest": {
    "accuracy": 0.9233333333333333,
    "f1": 0.8746594005449592,
    "roc_auc": 0.9664706433142044
  },
  "AdaBoost": {
    "accuracy": 0.8370833333333333,
    "f1": 0.719310839913855,
    "roc_auc": 0.9018265800365649
  },
  "Bagging": {
    "accuracy": 0.9004166666666666,
    "f1": 0.8379661016949153,
    "roc_auc": 0.9522934018079326
  }
}