value,count,share
RU,21,0.6774193548387096
KZ,5,0.16129032258064516
BY,5,0.16129032258064516
