value,count,share
Moscow,11,0.6470588235294118
Saint Petersburg,3,0.17647058823529413
Almaty,3,0.17647058823529413
