value,count,share
Organic,16,0.5333333333333333
Ads,8,0.26666666666666666
Referral,6,0.2
