{
  "dataset01": {
    "KMeans": {
      "k": 2,
      "silhouette": 0.5216395622404242,
      "calinski_harabasz": 11786.954622671532,
      "davies_bouldin": 0.6853295219054457
    },
    "DBSCAN": {
      "eps": 1.777926071501554,
      "min_samples": 5,
      "n_clusters": 2,
      "n_noise": 0,
      "noise_ratio": 0.0,
      "silhouette": 0.5216395622404242,
      "calinski_harabasz": 11786.954622671532,
      "davies_bouldin": 0.6853295219054457
    },
    "best_algorithm": "KMeans"
  },
  "dataset02": {
    "KMeans": {
      "k": 2,
      "silhouette": 0.3068610017701601,
      "calinski_harabasz": 3573.3933329348392,
      "davies_bouldin": 1.3234721699867644
    },
    "DBSCAN": {
      "eps": 0.6858626232605567,
      "min_samples": 10,
      "n_clusters": 5,
      "n_noise": 318,
      "noise_ratio": 0.03975,
      "silhouette": 0.3321415606907406,
      "calinski_harabasz": 144.60798805684578,
      "davies_bouldin": 0.6271010943323183
    },
    "best_algorithm": "DBSCAN"
  },
  "dataset03": {
    "KMeans": {
      "k": 3,
      "silhouette": 0.3155447003782518,
      "calinski_harabasz": 6957.162639510167,
      "davies_bouldin": 1.1577256320598661
    },
    "DBSCAN": {},
    "best_algorithm": "KMeans"
  }
}